Model,Accuracy,Precision,Recall,F1,Train_Time_sec
Logistic Regression,0.975,0.9757062146892657,0.975,0.972679083094556,0.01
SVC,0.925,0.9310160427807488,0.925,0.9124239952248309,0.0617
Decision Tree,0.885,0.8756824460070317,0.885,0.8755964404483311,0.0074
Random Forest,0.88,0.8196938775510203,0.88,0.8345012787723786,0.2366
Random Forest (Tuned),0.88,0.8196938775510203,0.88,0.8345012787723786,
