Method,MAE,RMSE
Holt-Winters (Trend Only),0.09036282163121977,0.11636323613897293
Random Forest (Baseline),0.02941171153310502,0.04277278283546996
Random Forest (Tuned),0.029405874574901084,0.042795958457259836
